pr_id,final_risk_label,high_risk_probability,critical_file_count,lines_added,lines_deleted,lines_modified,comment_count,author_experience,sbert_similarity_score,avg_file_risk
PR-1034,Low Risk,0.028569455652943474,0,99,20,119,9,15,0.9627616,0.5
PR-1050,High Risk,0.7954973611068779,2,130,18,148,12,15,0.9513643,0.5
PR-1258,Low Risk,0.038021099394044196,1,86,13,99,13,15,0.9689003,0.9
PR-1262,Low Risk,0.00731025023541618,0,94,28,122,7,15,0.97397155,0.3
PR-1116,High Risk,0.7974521054742868,2,195,19,214,6,15,0.9478601,0.4
PR-1041,Low Risk,0.12263829349659466,1,177,52,229,15,15,0.9513643,0.4666666666666666
PR-1049,Low Risk,0.023552947843512105,1,29,7,36,2,15,0.9474199,0.3399999999999999
PR-1241,High Risk,0.7882916475447865,2,154,79,233,14,15,0.962519,0.5
PR-1010,Low Risk,0.011086112234883734,1,10,64,74,8,15,0.94652295,0.3
PR-1071,Low Risk,0.010608403137280792,0,97,32,129,15,15,0.9672997,0.3
PR-1361,Low Risk,0.018520994516394565,0,64,71,135,3,15,0.9331681,0.3
PR-1084,Low Risk,0.008541176206588749,0,76,51,127,4,15,0.95596325,0.3
PR-1182,High Risk,0.860871034321693,1,166,84,250,1,15,0.9569799,0.3
PR-1011,Low Risk,0.01660845171340554,1,104,71,175,5,15,0.9452263,0.3
PR-1409,Low Risk,0.14452414050547407,2,37,13,50,9,15,0.9474199,0.35
PR-1227,Low Risk,0.024175141817109037,1,103,51,154,15,15,0.93258727,0.5
PR-1303,Low Risk,0.009421449679605778,0,50,9,59,14,15,0.9329871,0.3
PR-1499,Low Risk,0.41096229231478837,3,83,8,91,1,15,0.9446541,0.4666666666666666
PR-1201,Low Risk,0.00881978160998024,1,72,50,122,19,15,0.9698429,0.3
PR-1457,Low Risk,0.018092798473263384,0,11,74,85,15,15,0.95721257,0.3
PR-1248,Low Risk,0.08131247791368842,0,128,43,171,13,15,0.9463666,0.3
PR-1466,Low Risk,0.010920614000970502,1,20,57,77,4,15,0.93258727,0.32
PR-1221,Low Risk,0.07743898486444198,1,139,34,173,20,15,0.96510553,0.3
PR-1467,Low Risk,0.009116524460275754,1,106,20,126,3,15,0.9474199,0.3
PR-1177,Low Risk,0.37551055330784927,1,152,13,165,9,15,0.17733906,0.44
PR-1314,High Risk,0.776947869943823,1,139,98,237,6,15,0.8890615,0.35
PR-1220,Low Risk,0.19301913301100126,3,54,54,108,7,15,0.9513643,0.3399999999999999
PR-1101,Low Risk,0.011429687977460176,0,44,47,91,19,15,0.9672997,0.38
PR-1296,Low Risk,0.11314564769566225,0,140,58,198,19,15,0.9682945,0.3333333333333333
PR-1449,High Risk,0.8316434546219981,2,133,27,160,7,15,0.95596325,0.52
PR-1135,Low Risk,0.10760215793265322,1,50,67,117,12,15,0.19150157,0.48
PR-1006,Low Risk,0.0637727912309154,0,70,87,157,12,15,0.97560143,0.35
PR-1350,High Risk,0.833601885906972,2,182,47,229,0,15,0.93258727,0.6
PR-1265,High Risk,0.7504363872310448,2,124,9,133,2,15,0.9672997,0.42
PR-1318,Low Risk,0.18806066757935158,0,199,43,242,15,15,0.97025126,0.35
PR-1292,Low Risk,0.009138066343543768,1,77,60,137,12,15,0.95414954,0.3
PR-1345,Low Risk,0.009794252963278629,0,109,8,117,18,15,0.9592186,0.3
PR-1397,Low Risk,0.007500861660472883,0,77,46,123,3,15,0.9739392,0.3
PR-1090,Low Risk,0.016338986003900182,0,25,78,103,13,15,0.9331681,0.4
PR-1113,Low Risk,0.13744522117860006,2,36,62,98,10,15,0.9698429,0.45
PR-1238,Low Risk,0.01783711526033249,1,101,48,149,16,15,0.95596325,0.4666666666666666
PR-1035,Low Risk,0.3839202467369234,0,27,81,108,9,15,0.23517744,0.3
PR-1272,Low Risk,0.011020134451445163,1,56,46,102,11,15,0.9779291,0.38
PR-1437,Low Risk,0.12248626120041427,1,173,48,221,10,15,0.95016724,0.5
PR-1028,Low Risk,0.2005543603566483,0,89,75,164,9,15,0.171957,0.7
PR-1285,Low Risk,0.013696132542319897,1,20,36,56,19,15,0.95721257,0.4
PR-1342,Low Risk,0.4150411704955362,1,49,86,135,0,15,0.9535484,0.3
PR-1070,Low Risk,0.0934970144473561,1,112,81,193,3,15,0.9698429,0.3
PR-1075,Low Risk,0.009264050050384574,0,99,71,170,4,22,0.94997025,0.3
PR-1492,Low Risk,0.009933084470103791,0,98,63,161,13,22,0.95882916,0.3
PR-1295,Low Risk,0.4866964438997966,1,123,88,211,12,22,0.95016724,0.32
PR-1458,Low Risk,0.04879669059544314,0,91,92,183,3,22,0.9715265,0.3
PR-1299,Low Risk,0.007714716681978969,0,103,36,139,12,22,0.95016724,0.3
PR-1482,Low Risk,0.09689103375461963,1,123,8,131,8,22,0.962519,0.3
PR-1251,Low Risk,0.09128807385051524,1,61,84,145,15,22,0.96001196,0.3
PR-1023,Low Risk,0.008889705033686624,0,15,68,83,3,22,0.9623204,0.3
PR-1236,Low Risk,0.008393769722767674,1,31,39,70,17,22,0.9601321,0.3
PR-1137,Low Risk,0.06291541344687951,2,22,41,63,13,22,0.9329871,0.3
PR-1439,High Risk,0.7110056788571704,2,160,21,181,1,22,0.8890615,0.3
PR-1007,Low Risk,0.01650471036567394,1,22,61,83,4,22,0.9587691,0.55
PR-1413,High Risk,0.7675305299744372,2,133,15,148,15,22,0.9657508,0.5666666666666667
PR-1200,High Risk,0.7835823729808524,2,153,42,195,2,22,0.9502952,0.55
PR-1441,Low Risk,0.00823551150928748,0,20,25,45,8,22,0.9513643,0.3
PR-1132,Low Risk,0.0623338373591333,0,165,28,193,11,22,0.97560143,0.3
PR-1186,Low Risk,0.059649979125845964,0,53,90,143,17,22,0.9495712,0.3
PR-1249,Low Risk,0.08995418159016316,0,26,72,98,0,22,0.9608567,0.3
PR-1478,High Risk,0.6762847665765499,2,158,38,196,14,22,0.9592186,0.3
PR-1347,Low Risk,0.05371166512348114,0,151,38,189,8,22,0.9513643,0.3
PR-1159,Low Risk,0.1302792070079151,1,137,7,144,11,22,0.8890615,0.3
PR-1263,Low Risk,0.4592789796226511,1,138,39,177,0,22,0.9463666,0.5
PR-1181,Low Risk,0.0972690424438522,0,145,30,175,18,22,0.8890615,0.3
PR-1089,Low Risk,0.07356448822696118,0,125,15,140,14,22,0.95414954,0.3
PR-1027,Low Risk,0.00684212001613443,0,51,10,61,7,22,0.9477899,0.3
PR-1355,Low Risk,0.036580035168698045,1,38,54,92,1,22,0.9569799,0.3333333333333333
PR-1016,Low Risk,0.12410823622760223,3,17,62,79,2,22,0.9495507,0.52
PR-1386,Low Risk,0.13851230318565505,2,70,78,148,8,22,0.9715265,0.3
PR-1033,Low Risk,0.13729976251431844,2,21,11,32,20,22,0.91793716,0.375
PR-1193,Low Risk,0.07112059333782,0,47,82,129,7,22,0.94986725,0.4666666666666666
PR-1106,Low Risk,0.1216620548495802,3,81,73,154,18,22,0.962981,0.5
PR-1178,High Risk,0.6663259465902196,2,108,96,204,9,22,0.9395503,0.3399999999999999
PR-1246,Low Risk,0.006450885595843827,0,65,29,94,12,22,0.9452263,0.3
PR-1420,Low Risk,0.11417216273206694,1,170,65,235,18,22,0.972178,0.3333333333333333
PR-1003,High Risk,0.7190636195790635,0,136,100,236,17,22,0.93425876,0.3
PR-1451,Low Risk,0.078729973316245,0,186,11,197,6,22,0.9587691,0.3
PR-1045,Low Risk,0.009819295671803155,1,110,64,174,18,22,0.94986725,0.3
PR-1147,Low Risk,0.010000353729512065,1,14,33,47,17,22,0.962519,0.3
PR-1197,Low Risk,0.07395096450298967,1,167,54,221,18,22,0.9477899,0.3
PR-1359,Low Risk,0.013503845372534773,1,111,43,154,15,22,0.9463666,0.3
PR-1367,Low Risk,0.023166626565805985,0,69,17,86,8,22,0.91793716,0.7
PR-1157,Low Risk,0.11711417927767159,2,21,5,26,20,22,0.95221674,0.44
PR-1460,High Risk,0.5577640376283014,2,92,20,112,20,22,0.116062805,0.42
PR-1244,Low Risk,0.13248122559215392,0,107,94,201,18,22,0.9590124,0.4333333333333333
PR-1331,Low Risk,0.01022370976926064,0,31,80,111,16,22,0.962519,0.3
PR-1099,High Risk,0.8126307635942277,1,159,91,250,19,22,0.97397155,0.6
PR-1100,Low Risk,0.08459084644574506,1,78,69,147,3,22,0.15949437,0.3
PR-1335,Low Risk,0.1119200736190604,1,95,84,179,16,22,0.9463666,0.5
PR-1053,Low Risk,0.013326953894439084,1,37,79,116,9,22,0.94997025,0.3333333333333333
PR-1276,Low Risk,0.005663045610774852,1,44,16,60,6,22,0.9625071,0.3
PR-1472,Low Risk,0.009501324725523176,0,12,11,23,9,35,0.9690673,0.3
PR-1066,Low Risk,0.048933010404988916,0,60,89,149,12,35,0.9672997,0.3
PR-1448,Low Risk,0.09770187501534114,1,95,76,171,0,35,0.962519,0.32
PR-1310,Low Risk,0.12342371895873802,4,66,58,124,14,35,0.9495712,0.4599999999999999
PR-1423,Low Risk,0.11803295298964646,0,120,89,209,15,35,0.97024584,0.3
PR-1425,Low Risk,0.010390862926002631,0,98,69,167,18,35,0.94675475,0.3
PR-1032,High Risk,0.7302950056009918,2,171,17,188,16,35,0.9477899,0.425
PR-1170,Low Risk,0.011366274251852182,0,101,69,170,10,35,0.95016724,0.3
PR-1339,High Risk,0.7848273007873892,0,134,96,230,10,35,0.9513643,0.3
PR-1395,Low Risk,0.00508839268129671,0,85,44,129,3,35,0.95221674,0.3
PR-1169,Low Risk,0.12917226497091325,2,31,27,58,14,35,0.95596325,0.475
PR-1378,Low Risk,0.16614071444987785,0,185,23,208,2,35,0.7271471,0.4333333333333333
PR-1082,Low Risk,0.12622392265989157,1,182,47,229,17,35,0.9657588,0.9
PR-1187,Low Risk,0.006041849852145184,0,36,43,79,6,35,0.962519,0.3
PR-1391,High Risk,0.6581561469596828,3,111,68,179,0,35,0.9495507,0.5666666666666667
PR-1218,Low Risk,0.1854183185312398,2,106,38,144,4,35,0.9513643,0.36
PR-1343,Low Risk,0.007002072886717322,1,74,59,133,10,35,0.9715265,0.3
PR-1302,Low Risk,0.07277964079994127,0,43,96,139,14,35,0.97560143,0.32
PR-1410,Low Risk,0.007728722634370462,0,18,60,78,8,35,0.94675475,0.3
PR-1470,Low Risk,0.12538363932484917,2,16,49,65,8,35,0.9625071,0.45
PR-1452,High Risk,0.7555573477899862,3,171,36,207,17,35,0.9652349,0.44
PR-1158,Low Risk,0.013815041713002246,0,15,75,90,2,35,0.9672997,0.3
PR-1348,High Risk,0.738852629904679,2,130,27,157,6,35,0.93425876,0.45
PR-1107,Low Risk,0.006856300066165227,1,52,69,121,8,35,0.97024584,0.3
PR-1124,Low Risk,0.016913145543835016,0,109,11,120,7,35,0.9720838,0.3
PR-1379,Low Risk,0.14983302935104953,1,161,72,233,15,35,0.93258727,0.3399999999999999
PR-1474,Low Risk,0.11485015799322483,1,148,26,174,19,35,0.9477899,0.9
PR-1014,Low Risk,0.07867622657628631,0,130,15,145,15,35,0.95221674,0.3
PR-1121,Low Risk,0.09275717889876199,2,61,42,103,14,35,0.93258727,0.3
PR-1044,Low Risk,0.07413191225778709,1,176,12,188,19,35,0.9352654,0.325
PR-1349,High Risk,0.757042392245132,3,162,19,181,5,35,0.9608567,0.52
PR-1060,High Risk,0.857077859859062,0,170,93,263,19,35,0.95745605,0.4333333333333333
PR-1091,High Risk,0.54556321042924,1,26,93,119,6,35,0.14732629,0.8
PR-1057,Low Risk,0.006849578063379481,0,45,27,72,5,35,0.9495712,0.3
PR-1344,Low Risk,0.09664642172668851,2,96,60,156,8,35,0.96890056,0.3
PR-1250,Low Risk,0.27722706627019117,0,132,16,148,0,35,0.9495712,0.3
PR-1297,Low Risk,0.10917583503944597,2,84,45,129,19,35,0.9652349,0.5666666666666667
PR-1064,Low Risk,0.2030442708081736,2,109,48,157,19,35,0.96698475,0.42
PR-1243,High Risk,0.7285224345458768,2,172,26,198,20,35,0.9580464,0.325
PR-1294,Low Risk,0.1566254148141117,2,61,21,82,20,35,0.95596325,0.42
PR-1020,Low Risk,0.02069304523901353,0,114,49,163,3,35,0.962519,0.3
PR-1039,High Risk,0.9381741747096719,2,173,93,266,20,35,0.96890056,0.4599999999999999
PR-1123,Low Risk,0.17642322424557982,1,194,62,256,16,35,0.9698429,0.4666666666666666
PR-1134,High Risk,0.7523894912505072,2,140,31,171,7,35,0.962981,0.425
PR-1411,Low Risk,0.06899097833263608,0,88,99,187,20,35,0.962981,0.3
PR-1475,Low Risk,0.006295406237478412,1,81,57,138,10,35,0.95660865,0.3
PR-1336,Low Risk,0.13280550797171953,2,28,35,63,14,35,0.8890615,0.54
PR-1462,Low Risk,0.007484394044773679,0,67,51,118,17,35,0.95660865,0.3
PR-1279,Low Risk,0.02730482515957045,1,111,72,183,2,35,0.9569799,0.3
PR-1365,Low Risk,0.14603375438130053,3,76,16,92,9,35,0.95016724,0.44
PR-1120,Low Risk,0.01770097899524569,0,64,16,80,20,35,0.94635653,0.3
PR-1257,Low Risk,0.009879222622084764,0,28,77,105,20,35,0.96987855,0.3
PR-1067,Low Risk,0.20593777798196353,2,109,61,170,17,35,0.96510553,0.6666666666666666
PR-1125,Low Risk,0.12068029358921419,0,169,66,235,7,35,0.97024584,0.4333333333333333
PR-1468,Low Risk,0.010612119077627418,1,15,62,77,16,35,0.9513643,0.3
PR-1498,Low Risk,0.009050890958212397,1,35,58,93,19,35,0.96085656,0.45
PR-1416,High Risk,0.8316869553823902,0,185,88,273,8,35,0.9477899,0.3
PR-1013,Low Risk,0.015476670758173335,0,104,13,117,9,35,0.9590124,0.35
PR-1253,Low Risk,0.053480045155045196,1,120,5,125,19,35,0.9502952,0.9
PR-1286,Low Risk,0.1292254876619974,2,93,80,173,2,35,0.9779291,0.3
PR-1234,Low Risk,0.007538120394943033,0,46,14,60,12,30,0.93425876,0.3
PR-1245,Low Risk,0.01014212627998069,0,106,39,145,15,30,0.95660865,0.325
PR-1122,Low Risk,0.049801248765182715,0,55,81,136,13,30,0.95016724,0.3
PR-1161,Low Risk,0.09936915534593202,1,168,50,218,7,30,0.95804626,0.8
PR-1315,Low Risk,0.01136037609418253,0,12,40,52,16,30,0.95596325,0.4333333333333333
PR-1271,Low Risk,0.006060871420693902,0,40,30,70,7,30,0.9563129,0.3
PR-1400,High Risk,0.8272625861673538,2,20,86,106,1,30,0.96890056,0.425
PR-1481,Low Risk,0.32274774357373387,0,179,74,253,8,30,0.96987855,0.3
PR-1266,Low Risk,0.1063364272976538,1,148,33,181,10,30,0.9587691,0.38
PR-1320,High Risk,0.8810119489160797,1,155,95,250,17,30,0.7836047,0.425
PR-1022,Low Risk,0.24300419184489427,2,109,72,181,7,30,0.96510553,0.575
PR-1038,Low Risk,0.10413021601168662,0,10,96,106,6,30,0.9715265,0.38
PR-1383,Low Risk,0.08859771508704435,1,85,94,179,10,30,0.9644438,0.5
PR-1496,Low Risk,0.07184901293547126,1,49,96,145,12,30,0.95752263,0.38
PR-1224,Low Risk,0.005356900700510948,0,68,33,101,7,30,0.9591682,0.3
PR-1377,Low Risk,0.10104320591338611,0,186,25,211,14,30,0.94652295,0.7
PR-1160,Low Risk,0.006188524722029952,0,76,46,122,19,30,0.9690673,0.3
PR-1268,High Risk,0.5407392463930001,1,140,74,214,0,30,0.9446541,0.5
PR-1477,Low Risk,0.10810238636173125,0,113,6,119,7,30,0.116062805,0.3
PR-1325,Low Risk,0.014335767082518637,1,59,63,122,3,30,0.962981,0.4666666666666666
PR-1414,Low Risk,0.11393154644748538,1,178,53,231,17,30,0.9535484,0.3
PR-1105,Low Risk,0.07179375886858164,0,92,95,187,19,30,0.9478601,0.38
PR-1447,High Risk,0.8215552639472715,1,162,98,260,12,30,0.97025126,0.3
PR-1109,Low Risk,0.01329917912750848,1,82,67,149,19,30,0.95579195,0.55
PR-1030,Low Risk,0.10171544729931702,1,166,19,185,6,30,0.9590124,0.35
PR-1247,High Risk,0.702851241025364,0,142,83,225,15,30,0.97025126,0.4666666666666666
PR-1214,Low Risk,0.011273951300209662,1,99,58,157,5,30,0.944689,0.4499999999999999
PR-1312,Low Risk,0.1304240263446741,2,30,8,38,14,30,0.9352654,0.42
PR-1366,Low Risk,0.08932130620999848,0,11,69,80,15,30,0.12342929,0.3
PR-1454,High Risk,0.7454452025495937,2,146,59,205,4,30,0.9715265,0.8500000000000001
PR-1098,Low Risk,0.007459263135159617,0,25,61,86,8,30,0.9657588,0.3
PR-1166,Low Risk,0.07665759419096553,1,138,38,176,6,30,0.95579195,0.32
PR-1398,Low Risk,0.06520102816543122,1,132,44,176,7,30,0.9657588,0.3
PR-1407,Low Risk,0.15738003174306012,2,70,50,120,11,30,0.97025126,0.45
PR-1052,Low Risk,0.07261361913928326,0,16,15,31,13,30,0.27437577,0.38
PR-1194,Low Risk,0.1039227699469626,0,94,91,185,10,30,0.8890615,0.7
PR-1298,Low Risk,0.012113807579913234,0,22,10,32,20,30,0.95414954,0.3
PR-1076,Low Risk,0.11402199708326365,0,94,99,193,9,30,0.952229,0.3
PR-1373,Low Risk,0.07677006091078373,1,77,88,165,19,30,0.9689003,0.5
PR-1485,Low Risk,0.09751844578063693,0,30,79,109,10,30,0.1775732,0.35
PR-1489,High Risk,0.7020730606997411,2,160,72,232,11,30,0.9438577,0.3
PR-1153,Low Risk,0.08555101503797667,0,146,29,175,18,50,0.97024584,0.325
PR-1340,High Risk,0.592018998373288,3,60,75,135,0,50,0.9590124,0.575
PR-1370,Low Risk,0.05993026176505607,0,72,79,151,15,50,0.19512132,0.3
PR-1464,Low Risk,0.1898346566510933,0,109,83,192,1,50,0.9625071,0.3333333333333333
PR-1432,High Risk,0.9290722288571065,2,159,85,244,4,50,0.95579195,0.6
PR-1324,Low Risk,0.014090548414041344,1,31,68,99,6,50,0.972178,0.44
PR-1029,Low Risk,0.005404870470044831,0,29,52,81,14,50,0.9644438,0.3
PR-1188,Low Risk,0.16533820027995938,2,76,60,136,7,50,0.9563129,0.42
PR-1306,Low Risk,0.06920122390680623,0,131,17,148,9,50,0.95016724,0.3
PR-1372,Low Risk,0.014494775502463857,1,93,32,125,8,50,0.94652295,0.375
PR-1063,Low Risk,0.26447022203216713,1,70,78,148,11,50,0.06956811,0.32
PR-1172,High Risk,0.7254003688053049,2,141,63,204,16,50,0.972178,0.3399999999999999
PR-1304,Low Risk,0.052469708419105074,1,40,92,132,10,50,0.9657508,0.3
PR-1287,Low Risk,0.021878500575096133,1,99,26,125,17,50,0.95721257,0.4
PR-1008,High Risk,0.5995122148377111,2,18,95,113,8,50,0.9623204,0.36
PR-1346,Low Risk,0.015061698638156902,1,35,34,69,19,50,0.9657508,0.4
PR-1103,High Risk,0.6228911624319933,2,60,8,68,0,50,0.9623204,0.3399999999999999
PR-1406,High Risk,0.7273529311635611,3,161,17,178,12,50,0.9477899,0.4599999999999999
PR-1242,High Risk,0.7310448749891596,1,133,87,220,18,50,0.9592186,0.3666666666666667
PR-1424,Low Risk,0.14039380794026185,2,23,70,93,13,50,0.9474199,0.55
PR-1136,High Risk,0.7531244458143003,3,173,24,197,16,50,0.9625071,0.35
PR-1484,Low Risk,0.19208532928014851,2,89,34,123,9,50,0.972178,0.8500000000000001
PR-1491,High Risk,0.7865555003563839,0,134,90,224,17,50,0.9590124,0.4333333333333333
PR-1426,Low Risk,0.060520153953741405,0,129,32,161,13,50,0.95882916,0.3
PR-1353,Low Risk,0.13096767412902122,1,157,8,165,7,50,0.952229,0.6
PR-1289,Low Risk,0.008158156111750045,0,100,32,132,15,50,0.9682945,0.3
PR-1080,Low Risk,0.11093059461724579,0,185,43,228,8,50,0.9591682,0.4333333333333333
PR-1184,Low Risk,0.08465379050725011,0,77,100,177,1,50,0.9652349,0.3
PR-1154,Low Risk,0.020453063698158094,1,98,54,152,4,50,0.9649875,0.45
PR-1230,Low Risk,0.05310773059710555,1,45,81,126,20,50,0.9596853,0.36
PR-1018,Low Risk,0.0061320112710531345,0,65,37,102,6,50,0.9563129,0.3
PR-1175,Low Risk,0.005529870470044832,0,51,37,88,14,50,0.96001196,0.3
PR-1354,Low Risk,0.04845988298563266,0,173,18,191,6,50,0.9474199,0.3
PR-1021,Low Risk,0.13782892347074546,0,155,70,225,7,50,0.9601321,0.35
PR-1231,Low Risk,0.013478239013361197,1,61,66,127,2,50,0.95414954,0.4333333333333333
PR-1357,Low Risk,0.07436383299567245,1,164,63,227,14,50,0.952229,0.3
PR-1394,Low Risk,0.04408162539418374,1,25,15,40,1,50,0.97024584,0.3
PR-1092,Low Risk,0.493683061355824,2,63,39,102,15,50,0.16807814,0.475
PR-1174,Low Risk,0.11521161530889822,0,160,56,216,17,50,0.9720838,0.35
PR-1403,Low Risk,0.3709228037532998,1,142,59,201,0,50,0.962981,0.3
PR-1290,Low Risk,0.023517896324800627,0,117,30,147,16,50,0.9477899,0.3
PR-1037,High Risk,0.9105385900649058,2,180,98,278,6,50,0.9463666,0.525
PR-1210,Low Risk,0.14095872978703392,2,22,69,91,18,50,0.9623204,0.42
PR-1269,Low Risk,0.47926434047448907,2,79,79,158,1,50,0.9471513,0.5
PR-1323,Low Risk,0.0809216723822601,0,165,39,204,13,50,0.962519,0.325
PR-1133,Low Risk,0.011837803198804848,1,31,20,51,10,50,0.94468904,0.32
PR-1330,Low Risk,0.1375565742090677,1,139,26,165,5,50,0.9644438,0.4
PR-1096,Low Risk,0.006898779116521651,1,31,55,86,10,50,0.9352654,0.3
PR-1093,Low Risk,0.03699214156802141,1,33,92,125,19,50,0.9652349,0.3
PR-1144,Low Risk,0.10387450912255741,0,168,45,213,3,50,0.9329871,0.3333333333333333
PR-1212,Low Risk,0.056857206036791376,1,64,93,157,10,50,0.96698475,0.3
PR-1005,High Risk,0.5597068096836971,0,156,81,237,10,50,0.9569799,0.4
PR-1025,Low Risk,0.15999409417999336,2,15,11,26,3,50,0.94432074,0.5
PR-1433,High Risk,0.813528587964109,0,158,97,255,9,50,0.97560143,0.3
PR-1215,Low Risk,0.10222283793764422,1,172,67,239,12,50,0.9463666,0.3
PR-1479,Low Risk,0.190528332892252,3,100,68,168,4,50,0.9452263,0.4
PR-1351,Low Risk,0.03898265679182536,1,117,49,166,5,50,0.94997025,0.475
PR-1300,Low Risk,0.1775751459221443,1,137,71,208,4,50,0.962519,0.3
PR-1308,Low Risk,0.07385682085146095,1,73,18,91,5,40,0.120073736,0.3
PR-1408,Low Risk,0.12980790624885574,1,196,32,228,17,40,0.97397155,0.6
PR-1143,Low Risk,0.021547407363756946,0,117,38,155,17,40,0.9657508,0.3
PR-1393,High Risk,0.5401495345075339,1,140,15,155,0,40,0.9715265,0.55
PR-1429,Low Risk,0.0551987783989693,0,124,38,162,11,40,0.95759255,0.3
PR-1333,Low Risk,0.007561729166638981,1,16,42,58,2,40,0.94854873,0.3
PR-1094,Low Risk,0.05795603937954894,1,121,12,133,3,40,0.9435452,0.42
PR-1151,Low Risk,0.02448748637650859,1,76,37,113,17,40,0.95759255,0.525
PR-1374,Low Risk,0.08671472362264566,1,92,38,130,0,40,0.9478601,0.3
PR-1055,Low Risk,0.005558205713660423,1,51,21,72,5,40,0.97025126,0.3
PR-1381,High Risk,0.6477176685825918,2,114,54,168,7,40,0.23515165,0.3666666666666667
PR-1229,Low Risk,0.08339736141954072,0,73,99,172,18,40,0.95660865,0.35
PR-1239,High Risk,0.7309980987028425,1,149,85,234,6,40,0.95759255,0.525
PR-1419,Low Risk,0.05104494625842517,1,118,33,151,4,40,0.96890056,0.3999999999999999
PR-1401,High Risk,0.6146538139221481,3,34,10,44,0,40,0.95662975,0.5666666666666667
PR-1202,Low Risk,0.13797140782448017,1,192,16,208,15,40,0.962981,0.8
PR-1062,Low Risk,0.14651300557014849,1,101,88,189,2,40,0.94986725,0.5
PR-1185,High Risk,0.7149498244458209,2,196,59,255,12,40,0.96890056,0.475
PR-1235,Low Risk,0.007796515156942305,1,70,70,140,14,40,0.9563129,0.3
PR-1002,Low Risk,0.07259629013267875,0,186,10,196,12,40,0.9652349,0.3
PR-1114,Low Risk,0.09473835204002942,1,150,47,197,13,40,0.93425876,0.55
PR-1399,Low Risk,0.022025247943899245,0,56,80,136,3,40,0.9535484,0.4333333333333333
PR-1436,Low Risk,0.10372374833705654,1,28,86,114,7,40,0.95882916,0.45
PR-1493,Low Risk,0.007279423338921798,0,60,78,138,3,40,0.9672997,0.3
PR-1130,Low Risk,0.06646629892153152,1,64,88,152,16,40,0.95010495,0.3666666666666667
PR-1232,Low Risk,0.00727417540377199,0,45,15,60,4,40,0.94986725,0.3
PR-1384,Low Risk,0.22616038877148406,2,111,13,124,15,40,0.9569799,0.42
PR-1051,Low Risk,0.014893919369659718,1,29,18,47,5,40,0.97560143,0.3
PR-1216,Low Risk,0.050487499123413986,1,13,81,94,19,40,0.93547964,0.4
PR-1385,Low Risk,0.19432055677750046,1,189,68,257,2,40,0.9495507,0.5
PR-1180,Low Risk,0.01721928519975483,1,39,6,45,18,40,0.9587691,0.3
PR-1073,High Risk,0.7134020049167757,2,110,86,196,4,40,0.96850383,0.475
PR-1009,High Risk,0.5345755296168289,2,69,85,154,20,40,0.972178,0.4499999999999999
PR-1371,Low Risk,0.47618981334003757,3,48,100,148,17,40,0.95745605,0.4
PR-1115,Low Risk,0.0742823200022102,1,20,84,104,9,40,0.96510553,0.3
PR-1131,Low Risk,0.12264016319344431,2,40,9,49,2,40,0.94967175,0.3
PR-1450,Low Risk,0.0168656892300834,1,11,46,57,16,40,0.9593353,0.42
PR-1421,Low Risk,0.08649283256231581,1,185,56,241,6,40,0.9329871,0.3
PR-1494,Low Risk,0.13940337198276642,2,87,48,135,19,40,0.91793716,0.5
PR-1127,High Risk,0.6949815320756862,0,133,89,222,9,40,0.9657588,0.3
PR-1382,Low Risk,0.026552830674221487,1,54,76,130,12,40,0.9644438,0.55
PR-1191,Low Risk,0.1448027486539511,2,92,45,137,7,40,0.9627614,0.54
PR-1273,Low Risk,0.07494748254344188,0,140,24,164,10,40,0.9331681,0.3
PR-1111,Low Risk,0.11176381778712191,0,139,49,188,9,40,0.94675475,0.55
PR-1461,Low Risk,0.05727691071049816,0,129,32,161,14,40,0.95579195,0.3
PR-1047,Low Risk,0.13387817360831336,0,182,21,203,14,20,0.9474199,0.55
PR-1043,Low Risk,0.08105172781118958,0,146,63,209,5,20,0.9720838,0.3
PR-1176,High Risk,0.7016420739561756,2,113,82,195,15,20,0.9657508,0.425
PR-1001,Low Risk,0.13795405598780325,1,148,72,220,9,20,0.96523494,0.55
PR-1422,Low Risk,0.24530132603439778,2,96,75,171,5,20,0.9463666,0.575
PR-1072,Low Risk,0.1660000249524783,0,182,63,245,2,20,0.9689003,0.3
PR-1138,Low Risk,0.17111408306957354,1,174,71,245,8,20,0.9580153,0.425
PR-1476,Low Risk,0.16866676953441292,1,33,95,128,1,20,0.9657508,0.38
PR-1077,Low Risk,0.02281450505830258,0,104,79,183,5,20,0.9569799,0.3
PR-1497,Low Risk,0.07602527313466895,0,171,37,208,6,20,0.9331682,0.3
PR-1024,Low Risk,0.015094618402219923,0,11,8,19,10,20,0.9592186,0.325
PR-1095,Low Risk,0.3302448167803335,1,200,79,279,13,20,0.9502952,0.3
PR-1337,Low Risk,0.02491061797420143,1,12,79,91,4,20,0.95759255,0.3399999999999999
PR-1149,High Risk,0.8183834899840263,0,179,84,263,7,20,0.962981,0.3
PR-1473,High Risk,0.7817099582917422,3,129,74,203,4,20,0.9435452,0.425
PR-1309,Low Risk,0.06510009984601864,0,50,90,140,19,20,0.95660865,0.3
PR-1396,Low Risk,0.2994902410695509,0,189,73,262,19,20,0.95752263,0.3
PR-1167,High Risk,0.8102570429706798,1,167,93,260,15,20,0.8890615,0.52
PR-1311,Low Risk,0.014249657659471187,1,34,12,46,2,20,0.95016724,0.425
PR-1168,Low Risk,0.1416028285173716,0,175,68,243,20,20,0.9478601,0.3
PR-1282,High Risk,0.5495498256298545,2,54,31,85,10,20,0.120073736,0.36
PR-1469,Low Risk,0.10376003376715871,0,112,91,203,6,20,0.9657508,0.325
PR-1319,High Risk,0.7658436493967584,2,138,13,151,16,20,0.95804644,0.6
PR-1079,High Risk,0.7957319065321852,2,134,66,200,8,20,0.95221674,0.4666666666666666
PR-1328,High Risk,0.551664857578678,1,65,99,164,10,20,-0.06401983,0.3
PR-1332,Low Risk,0.011916297984090392,1,107,36,143,15,20,0.962981,0.3
PR-1352,Low Risk,0.09689349091725073,2,101,44,145,17,20,0.97024584,0.3
PR-1329,Low Risk,0.1835720164560092,2,101,52,153,5,20,0.97024584,0.3666666666666667
PR-1036,Low Risk,0.00895095490344777,0,50,64,114,9,20,0.95221674,0.3
PR-1387,High Risk,0.832051337204937,1,194,91,285,11,20,0.9477899,0.4666666666666666
PR-1152,Low Risk,0.015564341709556515,0,97,30,127,2,20,0.95016724,0.325
PR-1463,Low Risk,0.12991649989753976,1,162,63,225,14,20,0.9590124,0.42
PR-1097,Low Risk,0.0969089750016929,0,130,6,136,9,20,0.96850383,0.3
PR-1277,High Risk,0.6382170083031139,0,200,51,251,7,20,0.2973082,0.3
PR-1495,Low Risk,0.18363950010517077,2,93,80,173,16,20,0.94432074,0.42
PR-1056,Low Risk,0.2653867103414076,0,36,84,120,1,20,0.94432074,0.4
PR-1471,Low Risk,0.08623366620838313,0,183,22,205,15,20,0.9563129,0.3
PR-1205,Low Risk,0.06334751294780146,1,109,44,153,2,20,0.9477899,0.9
PR-1156,High Risk,0.6774350736831465,1,75,83,158,1,20,0.09087899,0.5
PR-1435,High Risk,0.759974072165846,2,126,50,176,7,20,0.9596853,0.45
PR-1209,Low Risk,0.10954636676927669,1,165,7,172,9,20,0.96890056,0.6
PR-1083,Low Risk,0.05453578978251016,0,123,56,179,7,20,0.93547964,0.3
PR-1225,Low Risk,0.07291900977691655,1,164,48,212,6,20,0.9592186,0.3
PR-1375,Low Risk,0.08425979457640455,1,29,89,118,15,20,0.962981,0.5
PR-1203,High Risk,0.795858663434982,3,10,98,108,0,20,0.9471513,0.52
PR-1237,Low Risk,0.3846023668724448,1,128,71,199,1,10,0.9474199,0.6
PR-1240,Low Risk,0.13888000953876173,1,16,97,113,2,10,0.9644438,0.4333333333333333
PR-1026,Low Risk,0.11184732524852467,1,26,79,105,1,10,0.95745605,0.6
PR-1392,Low Risk,0.011775647259062811,0,88,13,101,14,10,0.94986725,0.3
PR-1459,Low Risk,0.019464784014312998,0,22,22,44,16,10,0.9331681,0.35
PR-1434,High Risk,0.8411408155872233,3,141,18,159,3,10,0.9352654,0.5
PR-1488,Low Risk,0.08558571283241999,1,28,81,109,8,10,0.94468904,0.55
PR-1412,Low Risk,0.01113361151702707,0,52,20,72,13,10,0.9535484,0.3
PR-1040,Low Risk,0.03081106298008824,0,95,5,100,17,10,0.9438577,0.7
PR-1048,Low Risk,0.12068414412352155,1,109,87,196,20,10,0.9580153,0.425
PR-1183,Low Risk,0.020241361502844245,0,53,33,86,10,10,0.96890056,0.38
PR-1455,High Risk,0.7026235587708375,2,23,84,107,4,10,0.92271066,0.4
PR-1204,Low Risk,0.17641273783444716,1,85,40,125,8,10,0.07987439,0.3999999999999999
PR-1313,Low Risk,0.019400183192719272,1,76,30,106,11,10,0.96001196,0.3
PR-1031,High Risk,0.8225529695493061,0,178,82,260,15,10,0.91793716,0.35
PR-1380,High Risk,0.9509264563652721,2,199,100,299,4,10,0.9478601,0.4499999999999999
PR-1078,Low Risk,0.12142139457426929,1,115,88,203,18,10,0.962981,0.3
PR-1444,Low Risk,0.034775583195530584,1,115,63,178,4,10,0.95221674,0.3
PR-1081,Low Risk,0.01833468471387259,1,68,58,126,4,10,0.9474199,0.3999999999999999
PR-1456,Low Risk,0.1284579117563251,0,72,86,158,4,10,0.95579195,0.35
PR-1270,Low Risk,0.011258255707925695,1,73,34,107,7,10,0.94675475,0.32
PR-1291,Low Risk,0.027957972112764237,1,20,11,31,18,10,0.9283664,0.3399999999999999
PR-1142,Low Risk,0.18734386930417785,0,145,25,170,5,10,0.9471513,0.4333333333333333
PR-1015,Low Risk,0.060842527864593154,0,20,81,101,18,10,0.93534625,0.3
PR-1110,Low Risk,0.1383717820026792,1,146,9,155,12,10,0.9590124,0.6
PR-1219,Low Risk,0.013263116991709203,0,21,50,71,16,10,0.97024584,0.3
PR-1402,Low Risk,0.011451904418353547,1,32,6,38,11,10,0.9698429,0.3
PR-1199,High Risk,0.7887055359895898,2,179,35,214,4,10,0.962981,0.3
PR-1405,Low Risk,0.010023003053709314,1,82,60,142,13,10,0.9652349,0.3
PR-1150,Low Risk,0.012065911315134207,1,12,53,65,12,10,0.96698475,0.3
PR-1162,High Risk,0.8107531860564882,2,189,27,216,17,10,0.96137744,0.3999999999999999
PR-1274,High Risk,0.8718160993151881,2,143,29,172,1,10,0.9698429,0.4
PR-1164,High Risk,0.6710666416409261,1,172,68,240,10,10,0.01873347,0.3
PR-1445,Low Risk,0.21798760277699347,0,152,73,225,16,10,0.96850383,0.3
PR-1119,Low Risk,0.018256844745365975,1,107,69,176,11,10,0.9627614,0.3
PR-1442,Low Risk,0.48676444286719156,0,122,45,167,0,10,0.9593353,0.35
PR-1316,Low Risk,0.12780502983680486,1,67,27,94,18,10,0.12015815,0.325
PR-1362,Low Risk,0.09297367030252547,1,56,98,154,16,10,0.95759255,0.4333333333333333
PR-1252,Low Risk,0.011689971465510146,0,21,46,67,12,10,0.9625071,0.3
PR-1256,Low Risk,0.18981439894076277,0,108,54,162,0,10,0.9689003,0.3999999999999999
PR-1404,Low Risk,0.025506823089094424,0,120,46,166,16,10,0.9591682,0.3
PR-1487,Low Risk,0.14460624420319657,1,138,44,182,7,10,0.97025126,0.55
PR-1338,High Risk,0.8853907111808038,0,189,84,273,2,10,0.96890056,0.3
PR-1102,High Risk,0.5808019618953363,0,101,96,197,0,10,0.95660865,0.3
PR-1206,Low Risk,0.2657597605696358,1,33,11,44,0,10,0.9587691,0.5333333333333333
PR-1233,High Risk,0.578169173426905,0,142,61,203,3,10,0.07055965,0.3
PR-1341,Low Risk,0.0706483731583691,0,89,82,171,11,10,0.9613775,0.3
PR-1438,Low Risk,0.011055217875559332,0,106,13,119,18,10,0.95882916,0.3
PR-1360,Low Risk,0.009259213876145393,0,29,44,73,5,10,0.97393906,0.3333333333333333
PR-1226,Low Risk,0.13155294608414,2,78,22,100,3,10,0.93547964,0.3
PR-1446,Low Risk,0.015436550861471648,0,55,49,104,3,10,0.93534607,0.4333333333333333
PR-1453,Low Risk,0.24753753777821164,1,86,6,92,0,10,0.962519,0.44
PR-1213,Low Risk,0.10501137063313908,1,134,30,164,6,10,0.95660865,0.3
PR-1388,High Risk,0.7566712923886162,2,124,12,136,14,10,0.9474199,0.42
PR-1321,Low Risk,0.14442757638116396,1,164,34,198,18,10,0.9689294,0.5
PR-1255,High Risk,0.6455786896166373,2,25,85,110,11,10,0.9608567,0.38
PR-1483,Low Risk,0.015941181051479736,1,38,68,106,4,10,0.95804644,0.4666666666666666
PR-1058,High Risk,0.8143148723258662,1,168,87,255,13,10,0.95752263,0.425
PR-1088,High Risk,0.8623428934879099,1,138,94,232,0,10,0.9587691,0.35
PR-1223,Low Risk,0.009992837858479231,0,43,42,85,7,10,0.9601321,0.3
PR-1165,Low Risk,0.014619650302796787,1,64,30,94,5,10,0.9495712,0.6333333333333333
PR-1163,Low Risk,0.022061145020849805,0,67,30,97,17,25,0.9593353,0.4333333333333333
PR-1171,Low Risk,0.1387218967395406,0,157,22,179,4,25,0.96614754,0.5
PR-1326,Low Risk,0.00608006656574717,1,48,11,59,7,25,0.95662975,0.3
PR-1376,Low Risk,0.20650461090526406,1,143,75,218,16,25,0.9563129,0.52
PR-1139,Low Risk,0.10249950623134133,1,45,54,99,0,25,0.96137744,0.3
PR-1208,Low Risk,0.0721965638163503,1,29,59,88,0,25,0.95016724,0.3
PR-1155,High Risk,0.7243124121864072,2,144,27,171,11,25,0.9569799,0.36
PR-1334,Low Risk,0.12849807513271824,1,162,16,178,15,25,0.9698429,0.4333333333333333
PR-1280,Low Risk,0.0107291388755118,0,27,49,76,9,25,0.93534607,0.5
PR-1140,Low Risk,0.12399568954554413,1,128,49,177,10,25,0.94986725,0.55
PR-1465,Low Risk,0.06386289338827758,0,139,37,176,10,25,0.9591682,0.3
PR-1012,Low Risk,0.059248230654912824,1,131,18,149,5,25,0.9502952,0.3
PR-1195,Low Risk,0.014424586523242931,1,17,66,83,8,25,0.95882916,0.425
PR-1074,Low Risk,0.009372882850169012,1,42,58,100,12,25,0.96987855,0.45
PR-1364,Low Risk,0.19683221857478186,1,131,23,154,3,25,0.93258727,0.5
PR-1198,Low Risk,0.05462860025648062,0,47,91,138,8,25,0.95804644,0.3
PR-1284,Low Risk,0.17616309175200404,2,65,21,86,8,25,0.95010495,0.525
PR-1104,Low Risk,0.20306908734169737,0,118,98,216,12,25,0.92271066,0.3
PR-1222,Low Risk,0.0102268252190112,1,22,70,92,11,25,0.94967175,0.3
PR-1068,Low Risk,0.15780087453735406,1,165,63,228,3,25,0.93258727,0.44
PR-1301,Low Risk,0.12884880580519253,1,194,29,223,8,25,0.9478601,0.4666666666666666
PR-1065,Low Risk,0.1386748315613996,3,81,79,160,20,25,0.9463666,0.42
PR-1486,Low Risk,0.007963557910969558,1,45,78,123,4,25,0.9672997,0.3
PR-1112,High Risk,0.7591829542020224,2,75,83,158,1,25,0.96001196,0.475
PR-1264,Low Risk,0.2652536163414326,1,165,80,245,4,25,0.9569799,0.425
PR-1480,High Risk,0.8220776502568312,1,178,99,277,3,25,0.9587691,0.3
PR-1145,Low Risk,0.041973448955097165,1,13,15,28,9,25,0.95759255,0.8
PR-1146,Low Risk,0.29601312899297755,1,139,80,219,1,25,0.93534607,0.5
PR-1307,High Risk,0.6327828426285741,0,191,80,271,0,25,0.95721257,0.4333333333333333
PR-1017,High Risk,0.7088688993551264,2,168,74,242,13,25,0.95721257,0.42
PR-1069,Low Risk,0.05400950476263093,1,48,92,140,12,25,0.9715265,0.3
PR-1443,Low Risk,0.026852700847670715,1,114,5,119,13,25,0.9438577,0.3
PR-1288,Low Risk,0.0718442994177762,0,113,19,132,0,25,0.95721257,0.3
PR-1418,Low Risk,0.007686201970199001,0,110,65,175,5,25,0.95660865,0.3
PR-1228,Low Risk,0.0159648529373913,0,19,47,66,3,25,0.9478601,0.4
PR-1261,Low Risk,0.006278770609903711,1,65,44,109,14,25,0.9644438,0.3
PR-1363,Low Risk,0.01816314888911211,0,14,42,56,20,25,0.9383683,0.35
PR-1196,Low Risk,0.06068615850215538,1,178,5,183,15,25,0.9649875,0.3
PR-1217,Low Risk,0.01329125073897998,1,59,8,67,2,25,0.9682945,0.3
PR-1415,High Risk,0.8672278108860546,1,181,85,266,2,25,0.9563129,0.3
PR-1086,Low Risk,0.12186981297905686,0,168,70,238,10,25,0.9474199,0.7
PR-1327,Low Risk,0.3008142147568143,2,118,27,145,10,25,0.95221674,0.5
PR-1500,Low Risk,0.20051705804286993,1,123,79,202,13,25,0.9383683,0.5
PR-1428,Low Risk,0.007915461667400798,0,78,13,91,7,18,0.96698475,0.3
PR-1259,Low Risk,0.08589558414118542,1,185,21,206,13,18,0.94854873,0.3
PR-1267,Low Risk,0.02352402886782639,0,107,77,184,5,18,0.9495712,0.3
PR-1126,Low Risk,0.0790485587095747,2,75,58,133,13,18,0.9596853,0.3
PR-1293,Low Risk,0.008094267563598,0,109,20,129,5,18,0.96510553,0.3
PR-1085,Low Risk,0.3534118001549208,1,158,47,205,1,18,0.9446541,0.5
PR-1019,Low Risk,0.009226090640251965,0,43,62,105,6,18,0.95016724,0.35
PR-1054,Low Risk,0.011998716451642735,0,103,65,168,18,18,0.9689003,0.3
PR-1278,Low Risk,0.15098559076452625,2,107,44,151,13,18,0.9644438,0.4
PR-1356,Low Risk,0.1068316578762385,0,165,49,214,4,18,0.96850383,0.3
PR-1369,Low Risk,0.10098543503667493,1,62,100,162,8,18,0.9474199,0.3
PR-1490,Low Risk,0.08812486522161768,1,46,87,133,10,18,0.93534625,0.6
PR-1254,High Risk,0.7909103597962391,3,181,22,203,17,18,0.9474199,0.6
PR-1061,Low Risk,0.09853864274218281,2,99,5,104,12,18,0.94432074,0.3
PR-1211,Low Risk,0.023090020233357888,1,94,73,167,5,18,0.96523494,0.4333333333333333
PR-1128,Low Risk,0.2998849666346721,1,200,73,273,5,18,0.9593353,0.3
PR-1148,High Risk,0.8295820679250806,2,195,51,246,1,18,0.9739392,0.425
PR-1322,High Risk,0.7592908419236725,1,199,76,275,9,18,0.076782964,0.3333333333333333
PR-1283,Low Risk,0.007845100633379747,1,69,22,91,11,18,0.95660865,0.3
PR-1431,Low Risk,0.1834640645381522,0,145,80,225,5,18,0.9329871,0.3
PR-1117,Low Risk,0.13970610724797133,1,136,52,188,8,18,0.9569799,0.36
PR-1389,Low Risk,0.10184819183555748,1,192,32,224,15,18,0.95721257,0.3
PR-1417,Low Risk,0.013797673944422795,1,72,54,126,16,18,0.9435452,0.425
PR-1059,Low Risk,0.16943323346432618,3,58,75,133,9,18,0.9657508,0.36
PR-1141,Low Risk,0.022969674488677035,1,91,65,156,3,18,0.96987855,0.5
PR-1046,Low Risk,0.014256874788569305,0,67,23,90,10,18,0.9682945,0.35
PR-1368,Low Risk,0.015496146905528968,1,36,27,63,12,18,0.96698475,0.5
PR-1087,High Risk,0.8635515459772425,2,154,82,236,10,18,0.9331681,0.3
PR-1108,Low Risk,0.10537495463313325,2,36,71,107,10,18,0.9601321,0.3
PR-1390,Low Risk,0.11624577841730294,1,174,47,221,6,18,0.9590124,0.3399999999999999
PR-1358,Low Risk,0.15595974419091577,3,61,62,123,2,18,0.9435452,0.44
PR-1192,Low Risk,0.009232022342382603,1,92,36,128,12,18,0.97024584,0.3
PR-1430,High Risk,0.7987318914592885,2,188,42,230,16,18,0.95414954,0.3399999999999999
PR-1189,High Risk,0.6156928470432788,1,123,5,128,1,18,0.25572112,0.3399999999999999
PR-1004,Low Risk,0.13872775121787206,1,60,99,159,1,18,0.96850383,0.3
PR-1118,Low Risk,0.041220587226319404,1,115,48,163,17,18,0.9395503,0.4
PR-1305,Low Risk,0.23023704634391978,1,114,84,198,9,18,0.9569799,0.325
PR-1179,Low Risk,0.009963250492857803,0,33,41,74,10,18,0.9463666,0.3333333333333333
PR-1173,Low Risk,0.05473711752177101,1,18,11,29,1,18,0.9672997,0.3
PR-1129,Low Risk,0.059843286226706115,1,121,68,189,6,18,0.96698475,0.5
PR-1440,Low Risk,0.008815030353584304,1,80,52,132,2,18,0.93547964,0.3333333333333333
PR-1042,Low Risk,0.12985169457034662,3,77,5,82,16,18,0.9580153,0.4666666666666666
PR-1275,Low Risk,0.017370115106118314,0,58,75,133,16,18,0.9502952,0.5
PR-1260,Low Risk,0.010209362262116297,0,50,76,126,13,18,0.9649875,0.3
PR-1281,Low Risk,0.07135931397548523,0,35,91,126,16,18,0.9471513,0.5
PR-1190,High Risk,0.7788099059378777,3,133,40,173,6,18,0.95209956,0.42
PR-1317,High Risk,0.795345906915958,2,170,65,235,5,18,0.9331681,0.52
PR-1427,High Risk,0.9637686965811966,2,151,83,234,9,18,-0.022031244,0.42
PR-1207,Low Risk,0.020838754455198547,1,53,69,122,11,18,0.96987855,0.375
